{
  "timestamp": "2026-03-24 11:48:49",
  "config": {
    "iterations": 10,
    "warmup_runs": 2
  },
  "tests": {
    "spectral_analysis": {
      "crystalline_avg_ms": 5.654853332574324,
      "all_results": {
        "NumPy_1024": 0.018740002997219563,
        "Crystalline_1024": 0.34539000189397484,
        "SciPy_1024": 0.2817900007357821,
        "PyTorch_1024": 0.02638999867485836,
        "NumPy_10240": 0.14628000353695825,
        "Crystalline_10240": 1.3206499977968633,
        "SciPy_10240": 1.4103899971814826,
        "PyTorch_10240": 0.14150000060908496,
        "NumPy_102400": 4.997179997735657,
        "Crystalline_102400": 15.298519998032134,
        "SciPy_102400": 11.31442000187235,
        "PyTorch_102400": 0.58530999958748
      }
    },
    "filtering": {
      "crystalline_avg_ms": 1.1709800009460498,
      "all_results": {
        "SciPy_1024": 0.14201999583747238,
        "Crystalline_1024": 0.5093600018881261,
        "PyTorch_1024": 0.017629997455514967,
        "SciPy_10240": 0.2438300012727268,
        "Crystalline_10240": 0.7262799990712665,
        "PyTorch_10240": 0.046669998846482486,
        "SciPy_102400": 2.16909000009764,
        "Crystalline_102400": 2.277300001878757,
        "PyTorch_102400": 0.29119000100763515
      }
    },
    "matrix_multiplication": {
      "crystalline_avg_ms": 4.9742066689456506,
      "all_results": {
        "NumPy_64": 0.015570002142339945,
        "Crystalline_64": 0.03340000403113663,
        "PyTorch_64": 0.011270002869423479,
        "NumPy_256": 0.3924399963580072,
        "Crystalline_256": 0.41117999935522676,
        "PyTorch_256": 0.23182999866548926,
        "NumPy_1024": 16.137919999891892,
        "Crystalline_1024": 14.478040003450587,
        "PyTorch_1024": 14.121220000379253
      }
    },
    "linear_solve": {
      "crystalline_avg_ms": 9.759486666007433,
      "all_results": {
        "NumPy_64": 0.03468999930191785,
        "Crystalline_64": 0.13697000104002655,
        "SciPy_64": 0.12678999919444323,
        "NumPy_256": 69.50883999961661,
        "Crystalline_256": 1.4577499983715825,
        "SciPy_256": 1.4457000012043864,
        "NumPy_1024": 215.77669999824138,
        "Crystalline_1024": 27.68373999861069,
        "SciPy_1024": 24.346030001470353
      }
    },
    "convolution": {
      "crystalline_avg_ms": 0.11665666631112497,
      "all_results": {
        "SciPy_1024": 0.024410001060459763,
        "Crystalline_1024": 0.024939999275375158,
        "PyTorch_1024": 0.020429999858606607,
        "SciPy_10240": 0.05879000382265076,
        "Crystalline_10240": 0.06103999767219648,
        "PyTorch_10240": 0.034889999369625,
        "SciPy_102400": 0.3150500007905066,
        "Crystalline_102400": 0.26399000198580325,
        "PyTorch_102400": 0.19853999838232994
      }
    }
  }
}