{
  "timestamp": "2026-03-25 12:21:51",
  "config": {
    "iterations": 10,
    "warmup_runs": 2
  },
  "tests": {
    "spectral_analysis": {
      "crystalline_avg_ms": 2.473856669773037,
      "all_results": {
        "NumPy_1024": 0.019080002675764263,
        "Crystalline_1024": 0.08514000510331243,
        "SciPy_1024": 0.2581700071459636,
        "PyTorch_1024": 0.018310005543753505,
        "NumPy_10240": 0.1448499970138073,
        "Crystalline_10240": 0.3317599999718368,
        "SciPy_10240": 1.0157000011531636,
        "PyTorch_10240": 0.09273999894503504,
        "NumPy_102400": 4.142259995569475,
        "Crystalline_102400": 7.0046700042439625,
        "SciPy_102400": 10.21142999525182,
        "PyTorch_102400": 0.5336399946827441
      }
    },
    "filtering": {
      "crystalline_avg_ms": 0.9742666617967188,
      "all_results": {
        "SciPy_1024": 0.17060000682249665,
        "Crystalline_1024": 0.49876999109983444,
        "PyTorch_1024": 0.021529998048208654,
        "SciPy_10240": 0.3139100008411333,
        "Crystalline_10240": 0.6419199984520674,
        "PyTorch_10240": 0.02559000567998737,
        "SciPy_102400": 1.4199000084772706,
        "Crystalline_102400": 1.7821099958382547,
        "PyTorch_102400": 0.26599000266287476
      }
    },
    "matrix_multiplication": {
      "crystalline_avg_ms": 4.881833333638497,
      "all_results": {
        "NumPy_64": 0.018679999629966915,
        "Crystalline_64": 0.02023999986704439,
        "PyTorch_64": 0.02928000467363745,
        "NumPy_256": 0.7635899935849011,
        "Crystalline_256": 0.6165300001157448,
        "PyTorch_256": 0.32180999405682087,
        "NumPy_1024": 14.56173999758903,
        "Crystalline_1024": 14.008730000932701,
        "PyTorch_1024": 14.145229998393916
      }
    },
    "linear_solve": {
      "crystalline_avg_ms": 9.606520004066018,
      "all_results": {
        "NumPy_64": 0.04584999696817249,
        "Crystalline_64": 0.09692000458016992,
        "SciPy_64": 0.0873600016348064,
        "NumPy_256": 6.049939992954023,
        "Crystalline_256": 1.3843300112057477,
        "SciPy_256": 1.385010007652454,
        "NumPy_1024": 43.6839100002544,
        "Crystalline_1024": 27.338309996412136,
        "SciPy_1024": 22.98108000541106
      }
    },
    "convolution": {
      "crystalline_avg_ms": 0.08329333407649149,
      "all_results": {
        "SciPy_1024": 0.020969999604858458,
        "Crystalline_1024": 0.021130003733560443,
        "PyTorch_1024": 0.020410001161508262,
        "SciPy_10240": 0.03654999891296029,
        "Crystalline_10240": 0.037129997508600354,
        "PyTorch_10240": 0.03218000056222081,
        "SciPy_102400": 0.19082000071648508,
        "Crystalline_102400": 0.1916200009873137,
        "PyTorch_102400": 0.1445699919713661
      }
    }
  }
}